Workbook

Sheet II SEM C
A1: KLE SOCIETY'S DEGREE COLLEGE
A2: Nagarabhavi, Bengaluru-72
A3: Attendance sheet
A4: II Semester - C
A5: Sl NO | B5: Reg Number | C5: Students Name | D5: Kannada | G5: English | J5: AFA | M5: BO | P5: HRM | S5: QTB | V5: EVS
D6: TC | E6: TP | F6: % | G6: TC | H6: TP | I6: % | J6: TC | K6: TP | L6: % | M6: TC | N6: TP | O6: % | P6: TC | Q6: TP | R6: % | S6: TC | T6: TP | U6: % | V6: TC | W6: TP | X6: % | Y6: TCT | Z6: TC AVG | AA6: RC
A7: 1 | B7: U03FS25C0124 | C7: Akash N (h) | D7: 28 | E7: 4 | F7: =E7/D7*100 -> 14.285714 | G7: 19 | H7: 18 | I7: =H7/G7*100 -> 94.736842 | J7: 26 | K7: 23 | L7: =K7/J7*100 -> 88.461538 | M7: 33 | N7: 27 | O7: =N7/M7*100 -> 81.818182 | P7: 37 | Q7: 21 | R7: =Q7/P7*100 -> 56.756757 | S7: 38 | T7: 35 | U7: =T7/S7*100 -> 92.105263 | V7: 18 | W7: 15 | X7: =(W7/V7*100) -> 83.333333 | Y7: =D7+G7+J7+M7+P7+S7+V7 -> 199 | Z7: 300 | AA7: =Y7-Z7 -> -101
A8: 2 | B8: U03FS25C0125 | C8: Akshay C | D8: 28 | E8: 8 | F8: =E8/D8*100 -> 28.571429 | G8: 19 | H8: 14 | I8: =H8/G8*100 -> 73.684211 | J8: 26 | K8: 21 | L8: =K8/J8*100 -> 80.769231 | M8: 33 | N8: 24 | O8: =N8/M8*100 -> 72.727273 | P8: 37 | Q8: 23 | R8: =Q7/P8*100 -> 56.756757 | S8: 38 | T8: 29 | U8: =T8/S8*100 -> 76.315789 | V8: 18 | W8: 9 | X8: =(W8/V8*100) -> 50 | Y8: =D8+G8+J8+M8+P8+S8+V8 -> 199 | Z8: 300 | AA8: =Y8-Z8 -> -101
A9: 3 | B9: U03FS25C0126 | C9: Amith K Y | D9: 28 | E9: 19 | F9: =E9/D9*100 -> 67.857143 | G9: 19 | H9: 17 | I9: =H9/G9*100 -> 89.473684 | J9: 26 | K9: 26 | L9: =K9/J9*100 -> 100 | M9: 33 | N9: 32 | O9: =N9/M9*100 -> 96.969697 | P9: 37 | Q9: 34 | R9: =Q9/P9*100 -> 91.891892 | S9: 38 | T9: 36 | U9: =T9/S9*100 -> 94.736842 | V9: 18 | W9: 16 | X9: =(W9/V9*100) -> 88.888889 | Y9: =D9+G9+J9+M9+P9+S9+V9 -> 199 | Z9: 300 | AA9: =Y9-Z9 -> -101
A10: 4 | B10: U03FS25C0127 | C10: Ananya K Y | D10: 28 | E10: 25 | F10: =E10/D10*100 -> 89.285714 | G10: 19 | H10: 18 | I10: =H10/G10*100 -> 94.736842 | J10: 26 | K10: 26 | L10: =K10/J10*100 -> 100 | M10: 33 | N10: 32 | O10: =N10/M10*100 -> 96.969697 | P10: 37 | Q10: 35 | R10: =Q10/P10*100 -> 94.594595 | S10: 38 | T10: 37 | U10: =T10/S10*100 -> 97.368421 | V10: 18 | W10: 15 | X10: =(W10/V10*100) -> 83.333333 | Y10: =D10+G10+J10+M10+P10+S10+V10 -> 199 | Z10: 300 | AA10: =Y10-Z10 -> -101
A11: 5 | B11: U03FS25C0128 | C11: Anjali S | D11: 28 | E11: 18 | F11: =E11/D11*100 -> 64.285714 | G11: 19 | H11: 10 | I11: =H11/G11*100 -> 52.631579 | J11: 26 | K11: 19 | L11: =K11/J11*100 -> 73.076923 | M11: 33 | N11: 21 | O11: =N11/M11*100 -> 63.636364 | P11: 37 | Q11: 24 | R11: =Q11/P11*100 -> 64.864865 | S11: 38 | T11: 23 | U11: =T11/S11*100 -> 60.526316 | V11: 18 | W11: 16 | X11: =(W11/V11*100) -> 88.888889 | Y11: =D11+G11+J11+M11+P11+S11+V11 -> 199 | Z11: 300 | AA11: =Y11-Z11 -> -101
A12: 6 | B12: U03FS25C0129 | C12: Arya Rajath M | D12: 28 | E12: 24 | F12: =E12/D12*100 -> 85.714286 | G12: 19 | H12: 18 | I12: =H12/G12*100 -> 94.736842 | J12: 26 | K12: 25 | L12: =K12/J12*100 -> 96.153846 | M12: 33 | N12: 32 | O12: =N12/M12*100 -> 96.969697 | P12: 37 | Q12: 34 | R12: =Q12/P12*100 -> 91.891892 | S12: 38 | T12: 37 | U12: =T12/S12*100 -> 97.368421 | V12: 18 | W12: 17 | X12: =(W12/V12*100) -> 94.444444 | Y12: =D12+G12+J12+M12+P12+S12+V12 -> 199 | Z12: 300 | AA12: =Y12-Z12 -> -101
A13: 7 | B13: U03FS25C0130 | C13: C M Dheeraj | D13: 28 | E13: 15 | F13: =E13/D13*100 -> 53.571429 | G13: 19 | H13: 19 | I13: =H13/G13*100 -> 100 | J13: 26 | K13: 25 | L13: =K13/J13*100 -> 96.153846 | M13: 33 | N13: 33 | O13: =N13/M13*100 -> 100 | P13: 37 | Q13: 33 | R13: =Q13/P13*100 -> 89.189189 | S13: 38 | T13: 38 | U13: =T13/S13*100 -> 100 | V13: 18 | W13: 18 | X13: =(W13/V13*100) -> 100 | Y13: =D13+G13+J13+M13+P13+S13+V13 -> 199 | Z13: 300 | AA13: =Y13-Z13 -> -101
A14: 8 | B14: U03FS25C0131 | C14: Chandru A | D14: 28 | E14: 21 | F14: =E14/D14*100 -> 75 | G14: 19 | H14: 16 | I14: =H14/G14*100 -> 84.210526 | J14: 26 | K14: 23 | L14: =K14/J14*100 -> 88.461538 | M14: 33 | N14: 28 | O14: =N14/M14*100 -> 84.848485 | P14: 37 | Q14: 25 | R14: =Q14/P14*100 -> 67.567568 | S14: 38 | T14: 31 | U14: =T14/S14*100 -> 81.578947 | V14: 18 | W14: 16 | X14: =(W14/V14*100) -> 88.888889 | Y14: =D14+G14+J14+M14+P14+S14+V14 -> 199 | Z14: 300 | AA14: =Y14-Z14 -> -101
A15: 9 | B15: U03FS25C0132 | C15: Chinmay C | D15: 28 | E15: 16 | F15: =E15/D15*100 -> 57.142857 | G15: 19 | H15: 9 | I15: =H15/G15*100 -> 47.368421 | J15: 26 | K15: 19 | L15: =K15/J15*100 -> 73.076923 | M15: 33 | N15: 24 | O15: =N15/M15*100 -> 72.727273 | P15: 37 | Q15: 24 | R15: =Q15/P15*100 -> 64.864865 | S15: 38 | T15: 29 | U15: =T15/S15*100 -> 76.315789 | V15: 18 | W15: 14 | X15: =(W15/V15*100) -> 77.777778 | Y15: =D15+G15+J15+M15+P15+S15+V15 -> 199 | Z15: 300 | AA15: =Y15-Z15 -> -101
A16: 10 | B16: U03FS25C0133 | C16: Chirag Gowda C S | D16: 28 | E16: 22 | F16: =E16/D16*100 -> 78.571429 | G16: 19 | H16: 17 | I16: =H16/G16*100 -> 89.473684 | J16: 26 | K16: 23 | L16: =K16/J16*100 -> 88.461538 | M16: 33 | N16: 22 | O16: =N16/M16*100 -> 66.666667 | P16: 37 | Q16: 31 | R16: =Q16/P16*100 -> 83.783784 | S16: 38 | T16: 36 | U16: =T16/S16*100 -> 94.736842 | V16: 18 | W16: 13 | X16: =(W16/V16*100) -> 72.222222 | Y16: =D16+G16+J16+M16+P16+S16+V16 -> 199 | Z16: 300 | AA16: =Y16-Z16 -> -101
A17: 11 | B17: U03FS25C0134 | C17: Deepika S | D17: 28 | E17: 24 | F17: =E17/D17*100 -> 85.714286 | G17: 19 | H17: 19 | I17: =H17/G17*100 -> 100 | J17: 26 | K17: 23 | L17: =K17/J17*100 -> 88.461538 | M17: 33 | N17: 31 | O17: =N17/M17*100 -> 93.939394 | P17: 37 | Q17: 34 | R17: =Q17/P17*100 -> 91.891892 | S17: 38 | T17: 37 | U17: =T17/S17*100 -> 97.368421 | V17: 18 | W17: 15 | X17: =(W17/V17*100) -> 83.333333 | Y17: =D17+G17+J17+M17+P17+S17+V17 -> 199 | Z17: 300 | AA17: =Y17-Z17 -> -101
A18: 12 | B18: U03FS25C0135 | C18: Dhanush M. | D18: 28 | E18: 22 | F18: =E18/D18*100 -> 78.571429 | G18: 19 | H18: 14 | I18: =H18/G18*100 -> 73.684211 | J18: 26 | K18: 22 | L18: =K18/J18*100 -> 84.615385 | M18: 33 | N18: 29 | O18: =N18/M18*100 -> 87.878788 | P18: 37 | Q18: 31 | R18: =Q18/P18*100 -> 83.783784 | S18: 38 | T18: 36 | U18: =T18/S18*100 -> 94.736842 | V18: 18 | W18: 13 | X18: =(W18/V18*100) -> 72.222222 | Y18: =D18+G18+J18+M18+P18+S18+V18 -> 199 | Z18: 300 | AA18: =Y18-Z18 -> -101
A19: 13 | B19: U03FS25C0136 | C19: Divya Shree R | D19: 28 | E19: 22 | F19: =E19/D19*100 -> 78.571429 | G19: 19 | H19: 13 | I19: =H19/G19*100 -> 68.421053 | J19: 26 | K19: 22 | L19: =K19/J19*100 -> 84.615385 | M19: 33 | N19: 23 | O19: =N19/M19*100 -> 69.69697 | P19: 37 | Q19: 29 | R19: =Q19/P19*100 -> 78.378378 | S19: 38 | T19: 27 | U19: =T19/S19*100 -> 71.052632 | V19: 18 | W19: 14 | X19: =(W19/V19*100) -> 77.777778 | Y19: =D19+G19+J19+M19+P19+S19+V19 -> 199 | Z19: 300 | AA19: =Y19-Z19 -> -101
A20: 14 | B20: U03FS25C0137 | C20: G Amrutha | D20: 28 | E20: 24 | F20: =E20/D20*100 -> 85.714286 | G20: 19 | H20: 19 | I20: =H20/G20*100 -> 100 | J20: 26 | K20: 25 | L20: =K20/J20*100 -> 96.153846 | M20: 33 | N20: 33 | O20: =N20/M20*100 -> 100 | P20: 37 | Q20: 37 | R20: =Q20/P20*100 -> 100 | S20: 38 | T20: 36 | U20: =T20/S20*100 -> 94.736842 | V20: 18 | W20: 16 | X20: =(W20/V20*100) -> 88.888889 | Y20: =D20+G20+J20+M20+P20+S20+V20 -> 199 | Z20: 300 | AA20: =Y20-Z20 -> -101
... A56: 50 | B56: U03FS25C0173 | C56: Sachit Mallick (h) | D56: 28 | E56: 20 | F56: =E56/D56*100 -> 71.428571 | G56: 19 | H56: 10 | I56: =H56/G56*100 -> 52.631579 | J56: 26 | K56: 3 | L56: =K56/J56*100 -> 11.538462 | M56: 33 | N56: 8 | O56: =N56/M56*100 -> 24.242424 | P56: 37 | Q56: 8 | R56: =Q56/P56*100 -> 21.621622 | S56: 38 | T56: 11 | U56: =T56/S56*100 -> 28.947368 | V56: 18 | W56: 0 | X56: =(W56/V56*100) -> 0 | Y56: =D56+G56+J56+M56+P56+S56+V56 -> 199 | Z56: 300 | AA56: =Y56-Z56 -> -101

Sheet II SEM C AVG
A1: KLE Society's Degree College
A2: Nagarabhavi, Bengaluru-72
A3: Shortage of Attendance List till
A4: II Semester - C
A5: Sl NO | B5: Reg Number | C5: Students Name | D5: KAN | E5: ENG | F5: AFA | G5: BO | H5: HRM | I5: QTB | J5: EVS | K5: AVG
D6: % | E6: % | F6: % | G6: % | H6: % | I6: % | J6: % | K6: %
A7: 1 | B7: U03FS25C0124 | C7: Akash N | D7: ='II SEM C'!F7 -> 14.285714 | E7: ='II SEM C'!I7 -> 94.736842 | F7: ='II SEM C'!L7 -> 88.461538 | G7: ='II SEM C'!O7 -> 81.818182 | H7: ='II SEM C'!R7 -> 56.756757 | I7: ='II SEM C'!U7 -> 92.105263 | J7: ='II SEM C'!X7 -> 83.333333 | K7: =(D7+E7+F7+G7+H7+I7+J7)/7 -> 73.07109
A8: 2 | B8: U03FS25C0125 | C8: Akshay C | D8: ='II SEM C'!F8 -> 28.571429 | E8: ='II SEM C'!I8 -> 73.684211 | F8: ='II SEM C'!L8 -> 80.769231 | G8: ='II SEM C'!O8 -> 72.727273 | H8: ='II SEM C'!R8 -> 56.756757 | I8: ='II SEM C'!U8 -> 76.315789 | J8: ='II SEM C'!X8 -> 50 | K8: =(D8+E8+F8+G8+H8+I8+J8)/7 -> 62.689241
A9: 3 | B9: U03FS25C0126 | C9: Amith K Y | D9: ='II SEM C'!F9 -> 67.857143 | E9: ='II SEM C'!I9 -> 89.473684 | F9: ='II SEM C'!L9 -> 100 | G9: ='II SEM C'!O9 -> 96.969697 | H9: ='II SEM C'!R9 -> 91.891892 | I9: ='II SEM C'!U9 -> 94.736842 | J9: ='II SEM C'!X9 -> 88.888889 | K9: =(D9+E9+F9+G9+H9+I9+J9)/7 -> 89.974021
A10: 4 | B10: U03FS25C0127 | C10: Ananya K Y | D10: ='II SEM C'!F10 -> 89.285714 | E10: ='II SEM C'!I10 -> 94.736842 | F10: ='II SEM C'!L10 -> 100 | G10: ='II SEM C'!O10 -> 96.969697 | H10: ='II SEM C'!R10 -> 94.594595 | I10: ='II SEM C'!U10 -> 97.368421 | J10: ='II SEM C'!X10 -> 83.333333 | K10: =(D10+E10+F10+G10+H10+I10+J10)/7 -> 93.755515
A11: 5 | B11: U03FS25C0128 | C11: Anjali S | D11: ='II SEM C'!F11 -> 64.285714 | E11: ='II SEM C'!I11 -> 52.631579 | F11: ='II SEM C'!L11 -> 73.076923 | G11: ='II SEM C'!O11 -> 63.636364 | H11: ='II SEM C'!R11 -> 64.864865 | I11: ='II SEM C'!U11 -> 60.526316 | J11: ='II SEM C'!X11 -> 88.888889 | K11: =(D11+E11+F11+G11+H11+I11+J11)/7 -> 66.844379
A12: 6 | B12: U03FS25C0129 | C12: Arya Rajath M | D12: ='II SEM C'!F12 -> 85.714286 | E12: ='II SEM C'!I12 -> 94.736842 | F12: ='II SEM C'!L12 -> 96.153846 | G12: ='II SEM C'!O12 -> 96.969697 | H12: ='II SEM C'!R12 -> 91.891892 | I12: ='II SEM C'!U12 -> 97.368421 | J12: ='II SEM C'!X12 -> 94.444444 | K12: =(D12+E12+F12+G12+H12+I12+J12)/7 -> 93.897061
A13: 7 | B13: U03FS25C0130 | C13: C M Dheeraj | D13: ='II SEM C'!F13 -> 53.571429 | E13: ='II SEM C'!I13 -> 100 | F13: ='II SEM C'!L13 -> 96.153846 | G13: ='II SEM C'!O13 -> 100 | H13: ='II SEM C'!R13 -> 89.189189 | I13: ='II SEM C'!U13 -> 100 | J13: ='II SEM C'!X13 -> 100 | K13: =(D13+E13+F13+G13+H13+I13+J13)/7 -> 91.273495
A14: 8 | B14: U03FS25C0131 | C14: Chandru A | D14: ='II SEM C'!F14 -> 75 | E14: ='II SEM C'!I14 -> 84.210526 | F14: ='II SEM C'!L14 -> 88.461538 | G14: ='II SEM C'!O14 -> 84.848485 | H14: ='II SEM C'!R14 -> 67.567568 | I14: ='II SEM C'!U14 -> 81.578947 | J14: ='II SEM C'!X14 -> 88.888889 | K14: =(D14+E14+F14+G14+H14+I14+J14)/7 -> 81.507993
A15: 9 | B15: U03FS25C0132 | C15: Chinmay C | D15: ='II SEM C'!F15 -> 57.142857 | E15: ='II SEM C'!I15 -> 47.368421 | F15: ='II SEM C'!L15 -> 73.076923 | G15: ='II SEM C'!O15 -> 72.727273 | H15: ='II SEM C'!R15 -> 64.864865 | I15: ='II SEM C'!U15 -> 76.315789 | J15: ='II SEM C'!X15 -> 77.777778 | K15: =(D15+E15+F15+G15+H15+I15+J15)/7 -> 67.039129
A16: 10 | B16: U03FS25C0133 | C16: Chirag Gowda C S | D16: ='II SEM C'!F16 -> 78.571429 | E16: ='II SEM C'!I16 -> 89.473684 | F16: ='II SEM C'!L16 -> 88.461538 | G16: ='II SEM C'!O16 -> 66.666667 | H16: ='II SEM C'!R16 -> 83.783784 | I16: ='II SEM C'!U16 -> 94.736842 | J16: ='II SEM C'!X16 -> 72.222222 | K16: =(D16+E16+F16+G16+H16+I16+J16)/7 -> 81.988024
A17: 11 | B17: U03FS25C0134 | C17: Deepika S | D17: ='II SEM C'!F17 -> 85.714286 | E17: ='II SEM C'!I17 -> 100 | F17: ='II SEM C'!L17 -> 88.461538 | G17: ='II SEM C'!O17 -> 93.939394 | H17: ='II SEM C'!R17 -> 91.891892 | I17: ='II SEM C'!U17 -> 97.368421 | J17: ='II SEM C'!X17 -> 83.333333 | K17: =(D17+E17+F17+G17+H17+I17+J17)/7 -> 91.529838
A18: 12 | B18: U03FS25C0135 | C18: Dhanush M. | D18: ='II SEM C'!F18 -> 78.571429 | E18: ='II SEM C'!I18 -> 73.684211 | F18: ='II SEM C'!L18 -> 84.615385 | G18: ='II SEM C'!O18 -> 87.878788 | H18: ='II SEM C'!R18 -> 83.783784 | I18: ='II SEM C'!U18 -> 94.736842 | J18: ='II SEM C'!X18 -> 72.222222 | K18: =(D18+E18+F18+G18+H18+I18+J18)/7 -> 82.213237
... A56: 50 | B56: U03FS25C0173 | C56: Sachit Mallick | D56: ='II SEM C'!F56 -> 71.428571 | E56: ='II SEM C'!I56 -> 52.631579 | F56: ='II SEM C'!L56 -> 11.538462 | G56: ='II SEM C'!O56 -> 24.242424 | H56: ='II SEM C'!R56 -> 21.621622 | I56: ='II SEM C'!U56 -> 28.947368 | J56: ='II SEM C'!X56 -> 0 | K56: =(D56+E56+F56+G56+H56+I56+J56)/7 -> 30.058575

Sheet ATTENDANCE MARKS
A1: KLE Society's Degree College
A2: Nagarabhavi, Bengaluru-72
A3: Attendance Marks
A4: II Semester - C
A5: Sl NO | B5: Reg Number | C5: Students Name | D5: KAN | E5: KAN | F5: ENG | G5: ENG | H5: AFA | I5: AFA | J5: BO | K5: BO | L5: HRM | M5: HRM | N5: QTB | O5: QTB | P5: EVS | Q5: EVS
A6: 1 | B6: U03FS25C0124 | C6: Akash N | D6: ='II SEM C'!F7 -> 14.285714 | E6: =IF(D6>=90,5,IF(D6>=85,4,IF(D6>=80,3,2))) -> 2 | F6: ='II SEM C'!I7 -> 94.736842 | G6: =IF(F6>=90,5,IF(F6>=85,4,IF(F6>=80,3,2))) -> 5 | H6: ='II SEM C'!L7 -> 88.461538 | I6: =IF(H6>=90,5,IF(H6>=85,4,IF(H6>=80,3,2))) -> 4 | J6: ='II SEM C'!O7 -> 81.818182 | K6: =IF(J6>=90,5,IF(J6>=85,4,IF(J6>=80,3,2))) -> 3 | L6: ='II SEM C'!R7 -> 56.756757 | M6: =IF(L6>=90,5,IF(L6>=85,4,IF(L6>=80,3,2))) -> 2 | N6: ='II SEM C'!U7 -> 92.105263 | O6: =IF(N6>=90,5,IF(N6>=85,4,IF(N6>=80,3,2))) -> 5 | P6: ='II SEM C'!X7 -> 83.333333 | Q6: =IF(P6>=90,5,IF(P6>=85,4,IF(P6>=80,3,2))) -> 3
A7: 2 | B7: U03FS25C0125 | C7: Akshay C | D7: ='II SEM C'!F8 -> 28.571429 | E7: =IF(D7>=90,5,IF(D7>=85,4,IF(D7>=80,3,2))) -> 2 | F7: ='II SEM C'!I8 -> 73.684211 | G7: =IF(F7>=90,5,IF(F7>=85,4,IF(F7>=80,3,2))) -> 2 | H7: ='II SEM C'!L8 -> 80.769231 | I7: =IF(H7>=90,5,IF(H7>=85,4,IF(H7>=80,3,2))) -> 3 | J7: ='II SEM C'!O8 -> 72.727273 | K7: =IF(J7>=90,5,IF(J7>=85,4,IF(J7>=80,3,2))) -> 2 | L7: ='II SEM C'!R8 -> 56.756757 | M7: =IF(L7>=90,5,IF(L7>=85,4,IF(L7>=80,3,2))) -> 2 | N7: ='II SEM C'!U8 -> 76.315789 | O7: =IF(N7>=90,5,IF(N7>=85,4,IF(N7>=80,3,2))) -> 2 | P7: ='II SEM C'!X8 -> 50 | Q7: =IF(P7>=90,5,IF(P7>=85,4,IF(P7>=80,3,2))) -> 2
A8: 3 | B8: U03FS25C0126 | C8: Amith K Y | D8: ='II SEM C'!F9 -> 67.857143 | E8: =IF(D8>=90,5,IF(D8>=85,4,IF(D8>=80,3,2))) -> 2 | F8: ='II SEM C'!I9 -> 89.473684 | G8: =IF(F8>=90,5,IF(F8>=85,4,IF(F8>=80,3,2))) -> 4 | H8: ='II SEM C'!L9 -> 100 | I8: =IF(H8>=90,5,IF(H8>=85,4,IF(H8>=80,3,2))) -> 5 | J8: ='II SEM C'!O9 -> 96.969697 | K8: =IF(J8>=90,5,IF(J8>=85,4,IF(J8>=80,3,2))) -> 5 | L8: ='II SEM C'!R9 -> 91.891892 | M8: =IF(L8>=90,5,IF(L8>=85,4,IF(L8>=80,3,2))) -> 5 | N8: ='II SEM C'!U9 -> 94.736842 | O8: =IF(N8>=90,5,IF(N8>=85,4,IF(N8>=80,3,2))) -> 5 | P8: ='II SEM C'!X9 -> 88.888889 | Q8: =IF(P8>=90,5,IF(P8>=85,4,IF(P8>=80,3,2))) -> 4
A9: 4 | B9: U03FS25C0127 | C9: Ananya K Y | D9: ='II SEM C'!F10 -> 89.285714 | E9: =IF(D9>=90,5,IF(D9>=85,4,IF(D9>=80,3,2))) -> 4 | F9: ='II SEM C'!I10 -> 94.736842 | G9: =IF(F9>=90,5,IF(F9>=85,4,IF(F9>=80,3,2))) -> 5 | H9: ='II SEM C'!L10 -> 100 | I9: =IF(H9>=90,5,IF(H9>=85,4,IF(H9>=80,3,2))) -> 5 | J9: ='II SEM C'!O10 -> 96.969697 | K9: =IF(J9>=90,5,IF(J9>=85,4,IF(J9>=80,3,2))) -> 5 | L9: ='II SEM C'!R10 -> 94.594595 | M9: =IF(L9>=90,5,IF(L9>=85,4,IF(L9>=80,3,2))) -> 5 | N9: ='II SEM C'!U10 -> 97.368421 | O9: =IF(N9>=90,5,IF(N9>=85,4,IF(N9>=80,3,2))) -> 5 | P9: ='II SEM C'!X10 -> 83.333333 | Q9: =IF(P9>=90,5,IF(P9>=85,4,IF(P9>=80,3,2))) -> 3
A10: 5 | B10: U03FS25C0128 | C10: Anjali S | D10: ='II SEM C'!F11 -> 64.285714 | E10: =IF(D10>=90,5,IF(D10>=85,4,IF(D10>=80,3,2))) -> 2 | F10: ='II SEM C'!I11 -> 52.631579 | G10: =IF(F10>=90,5,IF(F10>=85,4,IF(F10>=80,3,2))) -> 2 | H10: ='II SEM C'!L11 -> 73.076923 | I10: =IF(H10>=90,5,IF(H10>=85,4,IF(H10>=80,3,2))) -> 2 | J10: ='II SEM C'!O11 -> 63.636364 | K10: =IF(J10>=90,5,IF(J10>=85,4,IF(J10>=80,3,2))) -> 2 | L10: ='II SEM C'!R11 -> 64.864865 | M10: =IF(L10>=90,5,IF(L10>=85,4,IF(L10>=80,3,2))) -> 2 | N10: ='II SEM C'!U11 -> 60.526316 | O10: =IF(N10>=90,5,IF(N10>=85,4,IF(N10>=80,3,2))) -> 2 | P10: ='II SEM C'!X11 -> 88.888889 | Q10: =IF(P10>=90,5,IF(P10>=85,4,IF(P10>=80,3,2))) -> 4
A11: 6 | B11: U03FS25C0129 | C11: Arya Rajath M | D11: ='II SEM C'!F12 -> 85.714286 | E11: =IF(D11>=90,5,IF(D11>=85,4,IF(D11>=80,3,2))) -> 4 | F11: ='II SEM C'!I12 -> 94.736842 | G11: =IF(F11>=90,5,IF(F11>=85,4,IF(F11>=80,3,2))) -> 5 | H11: ='II SEM C'!L12 -> 96.153846 | I11: =IF(H11>=90,5,IF(H11>=85,4,IF(H11>=80,3,2))) -> 5 | J11: ='II SEM C'!O12 -> 96.969697 | K11: =IF(J11>=90,5,IF(J11>=85,4,IF(J11>=80,3,2))) -> 5 | L11: ='II SEM C'!R12 -> 91.891892 | M11: =IF(L11>=90,5,IF(L11>=85,4,IF(L11>=80,3,2))) -> 5 | N11: ='II SEM C'!U12 -> 97.368421 | O11: =IF(N11>=90,5,IF(N11>=85,4,IF(N11>=80,3,2))) -> 5 | P11: ='II SEM C'!X12 -> 94.444444 | Q11: =IF(P11>=90,5,IF(P11>=85,4,IF(P11>=80,3,2))) -> 5
A12: 7 | B12: U03FS25C0130 | C12: C M Dheeraj | D12: ='II SEM C'!F13 -> 53.571429 | E12: =IF(D12>=90,5,IF(D12>=85,4,IF(D12>=80,3,2))) -> 2 | F12: ='II SEM C'!I13 -> 100 | G12: =IF(F12>=90,5,IF(F12>=85,4,IF(F12>=80,3,2))) -> 5 | H12: ='II SEM C'!L13 -> 96.153846 | I12: =IF(H12>=90,5,IF(H12>=85,4,IF(H12>=80,3,2))) -> 5 | J12: ='II SEM C'!O13 -> 100 | K12: =IF(J12>=90,5,IF(J12>=85,4,IF(J12>=80,3,2))) -> 5 | L12: ='II SEM C'!R13 -> 89.189189 | M12: =IF(L12>=90,5,IF(L12>=85,4,IF(L12>=80,3,2))) -> 4 | N12: ='II SEM C'!U13 -> 100 | O12: =IF(N12>=90,5,IF(N12>=85,4,IF(N12>=80,3,2))) -> 5 | P12: ='II SEM C'!X13 -> 100 | Q12: =IF(P12>=90,5,IF(P12>=85,4,IF(P12>=80,3,2))) -> 5
A13: 8 | B13: U03FS25C0131 | C13: Chandru A | D13: ='II SEM C'!F14 -> 75 | E13: =IF(D13>=90,5,IF(D13>=85,4,IF(D13>=80,3,2))) -> 2 | F13: ='II SEM C'!I14 -> 84.210526 | G13: =IF(F13>=90,5,IF(F13>=85,4,IF(F13>=80,3,2))) -> 3 | H13: ='II SEM C'!L14 -> 88.461538 | I13: =IF(H13>=90,5,IF(H13>=85,4,IF(H13>=80,3,2))) -> 4 | J13: ='II SEM C'!O14 -> 84.848485 | K13: =IF(J13>=90,5,IF(J13>=85,4,IF(J13>=80,3,2))) -> 3 | L13: ='II SEM C'!R14 -> 67.567568 | M13: =IF(L13>=90,5,IF(L13>=85,4,IF(L13>=80,3,2))) -> 2 | N13: ='II SEM C'!U14 -> 81.578947 | O13: =IF(N13>=90,5,IF(N13>=85,4,IF(N13>=80,3,2))) -> 3 | P13: ='II SEM C'!X14 -> 88.888889 | Q13: =IF(P13>=90,5,IF(P13>=85,4,IF(P13>=80,3,2))) -> 4
A14: 9 | B14: U03FS25C0132 | C14: Chinmay C | D14: ='II SEM C'!F15 -> 57.142857 | E14: =IF(D14>=90,5,IF(D14>=85,4,IF(D14>=80,3,2))) -> 2 | F14: ='II SEM C'!I15 -> 47.368421 | G14: =IF(F14>=90,5,IF(F14>=85,4,IF(F14>=80,3,2))) -> 2 | H14: ='II SEM C'!L15 -> 73.076923 | I14: =IF(H14>=90,5,IF(H14>=85,4,IF(H14>=80,3,2))) -> 2 | J14: ='II SEM C'!O15 -> 72.727273 | K14: =IF(J14>=90,5,IF(J14>=85,4,IF(J14>=80,3,2))) -> 2 | L14: ='II SEM C'!R15 -> 64.864865 | M14: =IF(L14>=90,5,IF(L14>=85,4,IF(L14>=80,3,2))) -> 2 | N14: ='II SEM C'!U15 -> 76.315789 | O14: =IF(N14>=90,5,IF(N14>=85,4,IF(N14>=80,3,2))) -> 2 | P14: ='II SEM C'!X15 -> 77.777778 | Q14: =IF(P14>=90,5,IF(P14>=85,4,IF(P14>=80,3,2))) -> 2
A15: 10 | B15: U03FS25C0133 | C15: Chirag Gowda C S | D15: ='II SEM C'!F16 -> 78.571429 | E15: =IF(D15>=90,5,IF(D15>=85,4,IF(D15>=80,3,2))) -> 2 | F15: ='II SEM C'!I16 -> 89.473684 | G15: =IF(F15>=90,5,IF(F15>=85,4,IF(F15>=80,3,2))) -> 4 | H15: ='II SEM C'!L16 -> 88.461538 | I15: =IF(H15>=90,5,IF(H15>=85,4,IF(H15>=80,3,2))) -> 4 | J15: ='II SEM C'!O16 -> 66.666667 | K15: =IF(J15>=90,5,IF(J15>=85,4,IF(J15>=80,3,2))) -> 2 | L15: ='II SEM C'!R16 -> 83.783784 | M15: =IF(L15>=90,5,IF(L15>=85,4,IF(L15>=80,3,2))) -> 3 | N15: ='II SEM C'!U16 -> 94.736842 | O15: =IF(N15>=90,5,IF(N15>=85,4,IF(N15>=80,3,2))) -> 5 | P15: ='II SEM C'!X16 -> 72.222222 | Q15: =IF(P15>=90,5,IF(P15>=85,4,IF(P15>=80,3,2))) -> 2
A16: 11 | B16: U03FS25C0134 | C16: Deepika S | D16: ='II SEM C'!F17 -> 85.714286 | E16: =IF(D16>=90,5,IF(D16>=85,4,IF(D16>=80,3,2))) -> 4 | F16: ='II SEM C'!I17 -> 100 | G16: =IF(F16>=90,5,IF(F16>=85,4,IF(F16>=80,3,2))) -> 5 | H16: ='II SEM C'!L17 -> 88.461538 | I16: =IF(H16>=90,5,IF(H16>=85,4,IF(H16>=80,3,2))) -> 4 | J16: ='II SEM C'!O17 -> 93.939394 | K16: =IF(J16>=90,5,IF(J16>=85,4,IF(J16>=80,3,2))) -> 5 | L16: ='II SEM C'!R17 -> 91.891892 | M16: =IF(L16>=90,5,IF(L16>=85,4,IF(L16>=80,3,2))) -> 5 | N16: ='II SEM C'!U17 -> 97.368421 | O16: =IF(N16>=90,5,IF(N16>=85,4,IF(N16>=80,3,2))) -> 5 | P16: ='II SEM C'!X17 -> 83.333333 | Q16: =IF(P16>=90,5,IF(P16>=85,4,IF(P16>=80,3,2))) -> 3
A17: 12 | B17: U03FS25C0135 | C17: Dhanush M. | D17: ='II SEM C'!F18 -> 78.571429 | E17: =IF(D17>=90,5,IF(D17>=85,4,IF(D17>=80,3,2))) -> 2 | F17: ='II SEM C'!I18 -> 73.684211 | G17: =IF(F17>=90,5,IF(F17>=85,4,IF(F17>=80,3,2))) -> 2 | H17: ='II SEM C'!L18 -> 84.615385 | I17: =IF(H17>=90,5,IF(H17>=85,4,IF(H17>=80,3,2))) -> 3 | J17: ='II SEM C'!O18 -> 87.878788 | K17: =IF(J17>=90,5,IF(J17>=85,4,IF(J17>=80,3,2))) -> 4 | L17: ='II SEM C'!R18 -> 83.783784 | M17: =IF(L17>=90,5,IF(L17>=85,4,IF(L17>=80,3,2))) -> 3 | N17: ='II SEM C'!U18 -> 94.736842 | O17: =IF(N17>=90,5,IF(N17>=85,4,IF(N17>=80,3,2))) -> 5 | P17: ='II SEM C'!X18 -> 72.222222 | Q17: =IF(P17>=90,5,IF(P17>=85,4,IF(P17>=80,3,2))) -> 2
... A55: 50 | B55: U03FS25C0173 | C55: Sachit Mallick | D55: ='II SEM C'!F56 -> 71.428571 | E55: =IF(D55>=90,5,IF(D55>=85,4,IF(D55>=80,3,2))) -> 2 | F55: ='II SEM C'!I56 -> 52.631579 | G55: =IF(F55>=90,5,IF(F55>=85,4,IF(F55>=80,3,2))) -> 2 | H55: ='II SEM C'!L56 -> 11.538462 | I55: =IF(H55>=90,5,IF(H55>=85,4,IF(H55>=80,3,2))) -> 2 | J55: ='II SEM C'!O56 -> 24.242424 | K55: =IF(J55>=90,5,IF(J55>=85,4,IF(J55>=80,3,2))) -> 2 | L55: ='II SEM C'!R56 -> 21.621622 | M55: =IF(L55>=90,5,IF(L55>=85,4,IF(L55>=80,3,2))) -> 2 | N55: ='II SEM C'!U56 -> 28.947368 | O55: =IF(N55>=90,5,IF(N55>=85,4,IF(N55>=80,3,2))) -> 2 | P55: ='II SEM C'!X56 -> 0 | Q55: =IF(P55>=90,5,IF(P55>=85,4,IF(P55>=80,3,2))) -> 2

Sheet CIA 
A1: KLE Society's Degree College
A2: Nagarabhavi, Bengaluru-72
A3: II Semester - C
A4: Sl NO | B4: Reg Number | C4: Students Name | D4: KAN | F4: ENG | H4: AFA | J4: BO | L4: HRM | N4: QTB | P4: EVS
D5: CIA - 1 (2.5 Marks) | E5: CIA - 2 (2.5 Marks) | F5: CIA - 1 (2.5 Marks) | G5: CIA - 2 (2.5 Marks) | H5: CIA - 1 (2.5 Marks) | I5: CIA - 2 (2.5 Marks) | J5: CIA - 1 (2.5 Marks) | K5: CIA - 2 (2.5 Marks) | L5: CIA - 1 (2.5 Marks) | M5: CIA - 2 (2.5 Marks) | N5: CIA - 1 (2.5 Marks) | O5: CIA - 2 (2.5 Marks) | P5: CIA - 1 (2.5 Marks) | Q5: CIA - 2 (2.5 Marks)
A6: 1 | B6: U03FS25C0124 | C6: Akash N | D6: 2.5 | F6: 2.5 | H6: 2.5 | J6: 2.5 | L6: 2.5 | N6: 2.5 | P6: 2.5
A7: 2 | B7: U03FS25C0125 | C7: Akshay C | D7: 2.5 | F7: 2.5 | H7: 2.5 | J7: 2.5 | L7: 2.5 | N7: 2.5 | P7: 2.5
A8: 3 | B8: U03FS25C0126 | C8: Amith K Y | D8: 2.5 | F8: 2.5 | H8: 2.5 | J8: 2.5 | L8: 2.5 | N8: 2.5 | P8: 2.5
A9: 4 | B9: U03FS25C0127 | C9: Ananya K Y | D9: 2.5 | F9: 2.5 | H9: 2.5 | J9: 2.5 | L9: 2.5 | N9: 2.5 | P9: 2.5
A10: 5 | B10: U03FS25C0128 | C10: Anjali S | D10: 2.5 | F10: 2.5 | H10: 2.5 | J10: 2.5 | L10: 1 | N10: 2.5 | P10: 2.5
A11: 6 | B11: U03FS25C0129 | C11: Arya Rajath M | D11: 2.5 | F11: 2.5 | H11: 2.5 | J11: 2.5 | L11: 2.5 | N11: 2.5 | P11: 2.5
A12: 7 | B12: U03FS25C0130 | C12: C M Dheeraj | D12: 2.5 | F12: 1.5 | H12: 2.5 | J12: 2.5 | L12: 2.5 | N12: 2.5 | P12: 2.5
A13: 8 | B13: U03FS25C0131 | C13: Chandru A | D13: 2.5 | F13: 2 | H13: 2.5 | J13: 2.5 | L13: 1 | N13: 2.5 | P13: 2.5
A14: 9 | B14: U03FS25C0132 | C14: Chinmay C | D14: 2.5 | F14: 2.5 | H14: 2.5 | J14: 2.5 | L14: 2.5 | N14: 2.5 | P14: 2.5
A15: 10 | B15: U03FS25C0133 | C15: Chirag Gowda C S | D15: 2.5 | F15: 2.5 | H15: 2.5 | J15: 2.5 | L15: 2.5 | N15: 2.5 | P15: 2.5
A16: 11 | B16: U03FS25C0134 | C16: Deepika S | D16: 2.5 | F16: 2.5 | H16: 2.5 | J16: 2.5 | L16: 2.5 | N16: 2.5 | P16: 2.5
A17: 12 | B17: U03FS25C0135 | C17: Dhanush M. | D17: 2.5 | F17: 2.5 | H17: 2.5 | J17: 2.5 | L17: 2.5 | N17: 2.5 | P17: 2.5
... A55: 50 | B55: U03FS25C0173 | C55: Sachit Mallick (h) | D55: 2.5 | F55: 0 | H55: 0 | J55: 0 | L55: 0 | N55: 0 | P55: 2.5

Sheet Test
A1: KLE Society's Degree College
A2: Nagarabhavi, Bengaluru-72
A3: TEST MARKS
A4: II Semester - C
A5: Sl NO | B5: Reg Number | C5: Students Name | D5: KAN | G5: ENG | J5: AFA | M5: BO | P5: HRM | S5: QTBD | V5: EVS
D6: TEST 1 | E6: TEST 2 | F6: AVG | G6: TEST 1 | H6: TEST 2 | I6: AVG | J6: TEST 1 | K6: TEST 2 | L6: AVG | M6: TEST 1 | N6: TEST 2 | O6: AVG | P6: TEST 1 | Q6: TEST 2 | R6: AVG | S6: TEST 1 | T6: TEST 2 | U6: AVG | V6: TEST 1 | W6: TEST 2 | X6: AVG
A7: 1 | B7: U03FS25C0124 | C7: Akash N | D7: 0 | F7: =SUM(D7+E7)*10/80 -> 0 | G7: 27 | I7: =SUM(G7+H7)*10/80 -> 3.375 | J7: 5 | L7: =SUM(J7+K7)*10/80 -> 0.625 | M7: 25 | O7: =SUM(M7+N7)*10/80 -> 3.125 | P7: 24 | R7: =SUM(P7+Q7)*10/80 -> 3 | S7: 31 | U7: =SUM(S7+T7)*10/80 -> 3.875 | V7: 20 | X7: =SUM(V7+W7)*10/60 -> 3.3333333
A8: 2 | B8: U03FS25C0125 | C8: Akshay C | D8: 19 | F8: =SUM(D8+E8)*10/80 -> 2.375 | G8: 21 | I8: =SUM(G8+H8)*10/80 -> 2.625 | J8: 0 | L8: =SUM(J8+K8)*10/80 -> 0 | M8: 0 | O8: =SUM(M8+N8)*10/80 -> 0 | P8: 0 | R8: =SUM(P8+Q8)*10/80 -> 0 | S8: 0 | U8: =SUM(S8+T8)*10/80 -> 0 | V8: 15 | X8: =SUM(V8+W8)*10/60 -> 2.5
A9: 3 | B9: U03FS25C0126 | C9: Amith K Y | D9: 6 | F9: =SUM(D9+E9)*10/80 -> 0.75 | G9: 21 | I9: =SUM(G9+H9)*10/80 -> 2.625 | J9: 12 | L9: =SUM(J9+K9)*10/80 -> 1.5 | M9: 16 | O9: =SUM(M9+N9)*10/80 -> 2 | P9: 9 | R9: =SUM(P9+Q9)*10/80 -> 1.125 | S9: 18 | U9: =SUM(S9+T9)*10/80 -> 2.25 | V9: 13 | X9: =SUM(V9+W9)*10/60 -> 2.1666667
A10: 4 | B10: U03FS25C0127 | C10: Ananya K Y | D10: 31 | F10: =SUM(D10+E10)*10/80 -> 3.875 | G10: 33 | I10: =SUM(G10+H10)*10/80 -> 4.125 | J10: 26 | L10: =SUM(J10+K10)*10/80 -> 3.25 | M10: 38 | O10: =SUM(M10+N10)*10/80 -> 4.75 | P10: 18 | R10: =SUM(P10+Q10)*10/80 -> 2.25 | S10: 40 | U10: =SUM(S10+T10)*10/80 -> 5 | V10: 30 | X10: =SUM(V10+W10)*10/60 -> 5
A11: 5 | B11: U03FS25C0128 | C11: Anjali S | D11: 33 | F11: =SUM(D11+E11)*10/80 -> 4.125 | G11: 26 | I11: =SUM(G11+H11)*10/80 -> 3.25 | J11: 36 | L11: =SUM(J11+K11)*10/80 -> 4.5 | M11: 40 | O11: =SUM(M11+N11)*10/80 -> 5 | P11: 19 | R11: =SUM(P11+Q11)*10/80 -> 2.375 | S11: 24 | U11: =SUM(S11+T11)*10/80 -> 3 | V11: 25 | X11: =SUM(V11+W11)*10/60 -> 4.1666667
A12: 6 | B12: U03FS25C0129 | C12: Arya Rajath M | D12: 0 | F12: =SUM(D12+E12)*10/80 -> 0 | G12: 19 | I12: =SUM(G12+H12)*10/80 -> 2.375 | J12: 8 | L12: =SUM(J12+K12)*10/80 -> 1 | M12: 14 | O12: =SUM(M12+N12)*10/80 -> 1.75 | P12: 1 | R12: =SUM(P12+Q12)*10/80 -> 0.125 | S12: 17 | U12: =SUM(S12+T12)*10/80 -> 2.125 | V12: 6 | X12: =SUM(V12+W12)*10/60 -> 1
A13: 7 | B13: U03FS25C0130 | C13: C M Dheeraj | D13: 5 | F13: =SUM(D13+E13)*10/80 -> 0.625 | G13: 19 | I13: =SUM(G13+H13)*10/80 -> 2.375 | J13: 12 | L13: =SUM(J13+K13)*10/80 -> 1.5 | M13: 24 | O13: =SUM(M13+N13)*10/80 -> 3 | P13: 17 | R13: =SUM(P13+Q13)*10/80 -> 2.125 | S13: 30 | U13: =SUM(S13+T13)*10/80 -> 3.75 | V13: 11 | X13: =SUM(V13+W13)*10/60 -> 1.8333333
A14: 8 | B14: U03FS25C0131 | C14: Chandru A | D14: 3 | F14: =SUM(D14+E14)*10/80 -> 0.375 | G14: 19 | I14: =SUM(G14+H14)*10/80 -> 2.375 | J14: 0 | L14: =SUM(J14+K14)*10/80 -> 0 | M14: 15 | O14: =SUM(M14+N14)*10/80 -> 1.875 | P14: 11 | R14: =SUM(P14+Q14)*10/80 -> 1.375 | S14: 8 | U14: =SUM(S14+T14)*10/80 -> 1 | V14: 12 | X14: =SUM(V14+W14)*10/60 -> 2
A15: 9 | B15: U03FS25C0132 | C15: Chinmay C | D15: 20 | F15: =SUM(D15+E15)*10/80 -> 2.5 | G15: 14 | I15: =SUM(G15+H15)*10/80 -> 1.75 | J15: 11 | L15: =SUM(J15+K15)*10/80 -> 1.375 | M15: 15 | O15: =SUM(M15+N15)*10/80 -> 1.875 | P15: 14 | R15: =SUM(P15+Q15)*10/80 -> 1.75 | S15: 30 | U15: =SUM(S15+T15)*10/80 -> 3.75 | V15: 6 | X15: =SUM(V15+W15)*10/60 -> 1
A16: 10 | B16: U03FS25C0133 | C16: Chirag Gowda C S | D16: 18 | F16: =SUM(D16+E16)*10/80 -> 2.25 | G16: 29 | I16: =SUM(G16+H16)*10/80 -> 3.625 | J16: 20 | L16: =SUM(J16+K16)*10/80 -> 2.5 | M16: 33 | O16: =SUM(M16+N16)*10/80 -> 4.125 | P16: 18 | R16: =SUM(P16+Q16)*10/80 -> 2.25 | S16: 31 | U16: =SUM(S16+T16)*10/80 -> 3.875 | V16: 16 | X16: =SUM(V16+W16)*10/60 -> 2.6666667
A17: 11 | B17: U03FS25C0134 | C17: Deepika S | D17: 28 | F17: =SUM(D17+E17)*10/80 -> 3.5 | G17: 34 | I17: =SUM(G17+H17)*10/80 -> 4.25 | J17: 20 | L17: =SUM(J17+K17)*10/80 -> 2.5 | M17: 34 | O17: =SUM(M17+N17)*10/80 -> 4.25 | P17: 26 | R17: =SUM(P17+Q17)*10/80 -> 3.25 | S17: 31 | U17: =SUM(S17+T17)*10/80 -> 3.875 | V17: 25 | X17: =SUM(V17+W17)*10/60 -> 4.1666667
A18: 12 | B18: U03FS25C0135 | C18: Dhanush M. | D18: 22 | F18: =SUM(D18+E18)*10/80 -> 2.75 | G18: 23 | I18: =SUM(G18+H18)*10/80 -> 2.875 | J18: 24 | L18: =SUM(J18+K18)*10/80 -> 3 | M18: 26 | O18: =SUM(M18+N18)*10/80 -> 3.25 | P18: 11 | R18: =SUM(P18+Q18)*10/80 -> 1.375 | S18: 31 | U18: =SUM(S18+T18)*10/80 -> 3.875 | V18: 4 | X18: =SUM(V18+W18)*10/60 -> 0.66666667
... A56: 50 | B56: U03FS25C0173 | C56: Sachit Mallick (h) | D56: 38 | F56: =SUM(D56+E56)*10/80 -> 4.75 | G56: 9 | I56: =SUM(G56+H56)*10/80 -> 1.125 | J56: 0 | L56: =SUM(J56+K56)*10/80 -> 0 | M56: 16 | O56: =SUM(M56+N56)*10/80 -> 2 | P56: 0 | R56: =SUM(P56+Q56)*10/80 -> 0 | S56: 0 | U56: =SUM(S56+T56)*10/80 -> 0 | V56: 2 | X56: =SUM(V56+W56)*10/60 -> 0.33333333

Sheet Internal Marks Final 
A1: KLE Society's Degree College
A2: Nagarabhavi, Bengaluru-72
A3: Final Internal Marks
A4: II Semester - C
A5: Sl NO | B5: Reg Number | C5: Students Name | D5: KAN | E5: ENG | F5: AFA | G5: BO | H5: HRM | I5: QTB | J5: EVA
A6: 1 | B6: U03FS25C0124 | C6: Akash N | D6: ='ATTENDANCE MARKS'!E6+'CIA '!D6+'CIA '!E6+Test!F7 -> 4.5 | E6: ='ATTENDANCE MARKS'!G6+'CIA '!F6+'CIA '!G6+Test!I7 -> 10.875 | F6: ='ATTENDANCE MARKS'!I6+'CIA '!H6+'CIA '!I6+Test!L7 -> 7.125 | G6: ='ATTENDANCE MARKS'!K6+'CIA '!J6+'CIA '!K6+Test!O7 -> 8.625 | H6: ='ATTENDANCE MARKS'!M6+'CIA '!L6+'CIA '!M6+Test!R7 -> 7.5 | I6: ='ATTENDANCE MARKS'!O6+'CIA '!N6+'CIA '!O6+Test!U7 -> 11.375 | J6: ='ATTENDANCE MARKS'!Q6+'CIA '!P6+'CIA '!Q6+Test!X7 -> 8.8333333
A7: 2 | B7: U03FS25C0125 | C7: Akshay C | D7: ='ATTENDANCE MARKS'!E7+'CIA '!D7+'CIA '!E7+Test!F8 -> 6.875 | E7: ='ATTENDANCE MARKS'!G7+'CIA '!F7+'CIA '!G7+Test!I8 -> 7.125 | F7: ='ATTENDANCE MARKS'!I7+'CIA '!H7+'CIA '!I7+Test!L8 -> 5.5 | G7: ='ATTENDANCE MARKS'!K7+'CIA '!J7+'CIA '!K7+Test!O8 -> 4.5 | H7: ='ATTENDANCE MARKS'!M7+'CIA '!L7+'CIA '!M7+Test!R8 -> 4.5 | I7: ='ATTENDANCE MARKS'!O7+'CIA '!N7+'CIA '!O7+Test!U8 -> 4.5 | J7: ='ATTENDANCE MARKS'!Q7+'CIA '!P7+'CIA '!Q7+Test!X8 -> 7
A8: 3 | B8: U03FS25C0126 | C8: Amith K Y | D8: ='ATTENDANCE MARKS'!E8+'CIA '!D8+'CIA '!E8+Test!F9 -> 5.25 | E8: ='ATTENDANCE MARKS'!G8+'CIA '!F8+'CIA '!G8+Test!I9 -> 9.125 | F8: ='ATTENDANCE MARKS'!I8+'CIA '!H8+'CIA '!I8+Test!L9 -> 9 | G8: ='ATTENDANCE MARKS'!K8+'CIA '!J8+'CIA '!K8+Test!O9 -> 9.5 | H8: ='ATTENDANCE MARKS'!M8+'CIA '!L8+'CIA '!M8+Test!R9 -> 8.625 | I8: ='ATTENDANCE MARKS'!O8+'CIA '!N8+'CIA '!O8+Test!U9 -> 9.75 | J8: ='ATTENDANCE MARKS'!Q8+'CIA '!P8+'CIA '!Q8+Test!X9 -> 8.6666667
A9: 4 | B9: U03FS25C0127 | C9: Ananya K Y | D9: ='ATTENDANCE MARKS'!E9+'CIA '!D9+'CIA '!E9+Test!F10 -> 10.375 | E9: ='ATTENDANCE MARKS'!G9+'CIA '!F9+'CIA '!G9+Test!I10 -> 11.625 | F9: ='ATTENDANCE MARKS'!I9+'CIA '!H9+'CIA '!I9+Test!L10 -> 10.75 | G9: ='ATTENDANCE MARKS'!K9+'CIA '!J9+'CIA '!K9+Test!O10 -> 12.25 | H9: ='ATTENDANCE MARKS'!M9+'CIA '!L9+'CIA '!M9+Test!R10 -> 9.75 | I9: ='ATTENDANCE MARKS'!O9+'CIA '!N9+'CIA '!O9+Test!U10 -> 12.5 | J9: ='ATTENDANCE MARKS'!Q9+'CIA '!P9+'CIA '!Q9+Test!X10 -> 10.5
A10: 5 | B10: U03FS25C0128 | C10: Anjali S | D10: ='ATTENDANCE MARKS'!E10+'CIA '!D10+'CIA '!E10+Test!F11 -> 8.625 | E10: ='ATTENDANCE MARKS'!G10+'CIA '!F10+'CIA '!G10+Test!I11 -> 7.75 | F10: ='ATTENDANCE MARKS'!I10+'CIA '!H10+'CIA '!I10+Test!L11 -> 9 | G10: ='ATTENDANCE MARKS'!K10+'CIA '!J10+'CIA '!K10+Test!O11 -> 9.5 | H10: ='ATTENDANCE MARKS'!M10+'CIA '!L10+'CIA '!M10+Test!R11 -> 5.375 | I10: ='ATTENDANCE MARKS'!O10+'CIA '!N10+'CIA '!O10+Test!U11 -> 7.5 | J10: ='ATTENDANCE MARKS'!Q10+'CIA '!P10+'CIA '!Q10+Test!X11 -> 10.666667
A11: 6 | B11: U03FS25C0129 | C11: Arya Rajath M | D11: ='ATTENDANCE MARKS'!E11+'CIA '!D11+'CIA '!E11+Test!F12 -> 6.5 | E11: ='ATTENDANCE MARKS'!G11+'CIA '!F11+'CIA '!G11+Test!I12 -> 9.875 | F11: ='ATTENDANCE MARKS'!I11+'CIA '!H11+'CIA '!I11+Test!L12 -> 8.5 | G11: ='ATTENDANCE MARKS'!K11+'CIA '!J11+'CIA '!K11+Test!O12 -> 9.25 | H11: ='ATTENDANCE MARKS'!M11+'CIA '!L11+'CIA '!M11+Test!R12 -> 7.625 | I11: ='ATTENDANCE MARKS'!O11+'CIA '!N11+'CIA '!O11+Test!U12 -> 9.625 | J11: ='ATTENDANCE MARKS'!Q11+'CIA '!P11+'CIA '!Q11+Test!X12 -> 8.5
A12: 7 | B12: U03FS25C0130 | C12: C M Dheeraj | D12: ='ATTENDANCE MARKS'!E12+'CIA '!D12+'CIA '!E12+Test!F13 -> 5.125 | E12: ='ATTENDANCE MARKS'!G12+'CIA '!F12+'CIA '!G12+Test!I13 -> 8.875 | F12: ='ATTENDANCE MARKS'!I12+'CIA '!H12+'CIA '!I12+Test!L13 -> 9 | G12: ='ATTENDANCE MARKS'!K12+'CIA '!J12+'CIA '!K12+Test!O13 -> 10.5 | H12: ='ATTENDANCE MARKS'!M12+'CIA '!L12+'CIA '!M12+Test!R13 -> 8.625 | I12: ='ATTENDANCE MARKS'!O12+'CIA '!N12+'CIA '!O12+Test!U13 -> 11.25 | J12: ='ATTENDANCE MARKS'!Q12+'CIA '!P12+'CIA '!Q12+Test!X13 -> 9.3333333
A13: 8 | B13: U03FS25C0131 | C13: Chandru A | D13: ='ATTENDANCE MARKS'!E13+'CIA '!D13+'CIA '!E13+Test!F14 -> 4.875 | E13: ='ATTENDANCE MARKS'!G13+'CIA '!F13+'CIA '!G13+Test!I14 -> 7.375 | F13: ='ATTENDANCE MARKS'!I13+'CIA '!H13+'CIA '!I13+Test!L14 -> 6.5 | G13: ='ATTENDANCE MARKS'!K13+'CIA '!J13+'CIA '!K13+Test!O14 -> 7.375 | H13: ='ATTENDANCE MARKS'!M13+'CIA '!L13+'CIA '!M13+Test!R14 -> 4.375 | I13: ='ATTENDANCE MARKS'!O13+'CIA '!N13+'CIA '!O13+Test!U14 -> 6.5 | J13: ='ATTENDANCE MARKS'!Q13+'CIA '!P13+'CIA '!Q13+Test!X14 -> 8.5
A14: 9 | B14: U03FS25C0132 | C14: Chinmay C | D14: ='ATTENDANCE MARKS'!E14+'CIA '!D14+'CIA '!E14+Test!F15 -> 7 | E14: ='ATTENDANCE MARKS'!G14+'CIA '!F14+'CIA '!G14+Test!I15 -> 6.25 | F14: ='ATTENDANCE MARKS'!I14+'CIA '!H14+'CIA '!I14+Test!L15 -> 5.875 | G14: ='ATTENDANCE MARKS'!K14+'CIA '!J14+'CIA '!K14+Test!O15 -> 6.375 | H14: ='ATTENDANCE MARKS'!M14+'CIA '!L14+'CIA '!M14+Test!R15 -> 6.25 | I14: ='ATTENDANCE MARKS'!O14+'CIA '!N14+'CIA '!O14+Test!U15 -> 8.25 | J14: ='ATTENDANCE MARKS'!Q14+'CIA '!P14+'CIA '!Q14+Test!X15 -> 5.5
A15: 10 | B15: U03FS25C0133 | C15: Chirag Gowda C S | D15: ='ATTENDANCE MARKS'!E15+'CIA '!D15+'CIA '!E15+Test!F16 -> 6.75 | E15: ='ATTENDANCE MARKS'!G15+'CIA '!F15+'CIA '!G15+Test!I16 -> 10.125 | F15: ='ATTENDANCE MARKS'!I15+'CIA '!H15+'CIA '!I15+Test!L16 -> 9 | G15: ='ATTENDANCE MARKS'!K15+'CIA '!J15+'CIA '!K15+Test!O16 -> 8.625 | H15: ='ATTENDANCE MARKS'!M15+'CIA '!L15+'CIA '!M15+Test!R16 -> 7.75 | I15: ='ATTENDANCE MARKS'!O15+'CIA '!N15+'CIA '!O15+Test!U16 -> 11.375 | J15: ='ATTENDANCE MARKS'!Q15+'CIA '!P15+'CIA '!Q15+Test!X16 -> 7.1666667
A16: 11 | B16: U03FS25C0134 | C16: Deepika S | D16: ='ATTENDANCE MARKS'!E16+'CIA '!D16+'CIA '!E16+Test!F17 -> 10 | E16: ='ATTENDANCE MARKS'!G16+'CIA '!F16+'CIA '!G16+Test!I17 -> 11.75 | F16: ='ATTENDANCE MARKS'!I16+'CIA '!H16+'CIA '!I16+Test!L17 -> 9 | G16: ='ATTENDANCE MARKS'!K16+'CIA '!J16+'CIA '!K16+Test!O17 -> 11.75 | H16: ='ATTENDANCE MARKS'!M16+'CIA '!L16+'CIA '!M16+Test!R17 -> 10.75 | I16: ='ATTENDANCE MARKS'!O16+'CIA '!N16+'CIA '!O16+Test!U17 -> 11.375 | J16: ='ATTENDANCE MARKS'!Q16+'CIA '!P16+'CIA '!Q16+Test!X17 -> 9.6666667
A17: 12 | B17: U03FS25C0135 | C17: Dhanush M. | D17: ='ATTENDANCE MARKS'!E17+'CIA '!D17+'CIA '!E17+Test!F18 -> 7.25 | E17: ='ATTENDANCE MARKS'!G17+'CIA '!F17+'CIA '!G17+Test!I18 -> 7.375 | F17: ='ATTENDANCE MARKS'!I17+'CIA '!H17+'CIA '!I17+Test!L18 -> 8.5 | G17: ='ATTENDANCE MARKS'!K17+'CIA '!J17+'CIA '!K17+Test!O18 -> 9.75 | H17: ='ATTENDANCE MARKS'!M17+'CIA '!L17+'CIA '!M17+Test!R18 -> 6.875 | I17: ='ATTENDANCE MARKS'!O17+'CIA '!N17+'CIA '!O17+Test!U18 -> 11.375 | J17: ='ATTENDANCE MARKS'!Q17+'CIA '!P17+'CIA '!Q17+Test!X18 -> 5.1666667
... A55: 50 | B55: U03FS25C0173 | C55: Sachit Mallick | D55: ='ATTENDANCE MARKS'!E55+'CIA '!D55+'CIA '!E55+Test!F56 -> 9.25 | E55: ='ATTENDANCE MARKS'!G55+'CIA '!F55+'CIA '!G55+Test!I56 -> 3.125 | F55: ='ATTENDANCE MARKS'!I55+'CIA '!H55+'CIA '!I55+Test!L56 -> 2 | G55: ='ATTENDANCE MARKS'!K55+'CIA '!J55+'CIA '!K55+Test!O56 -> 4 | H55: ='ATTENDANCE MARKS'!M55+'CIA '!L55+'CIA '!M55+Test!R56 -> 2 | I55: ='ATTENDANCE MARKS'!O55+'CIA '!N55+'CIA '!O55+Test!U56 -> 2 | J55: ='ATTENDANCE MARKS'!Q55+'CIA '!P55+'CIA '!Q55+Test!X56 -> 4.8333333
